order_id;customer_code;seller_id;order_date;promised_date;status_order;gross_amount;discount_amount;net_amount;payment_details;last_update
O00001;C0002;V036;2025-07-31;06/08/2025;Faturado;10788.64;0.0;10788.64;"{""priority"": null, ""source"": ""APP""}";2025-08-20 00:00:00
O00002;C0023;V008;2025/04/13;2025-04-26;EM_SEPARACAO;14462.32;0.0;14462.32;"{""priority"": ""low"", ""source"": ""ERP""}";2025-04-26 00:00:00
O00003;C0127;V012;2025/04/01;16/04/2025;faturado;13802.56;1994.35;11808.21;"{""priority"": ""low"", ""source"": ""APP""}";2025-04-19 00:00:00
O00004;C0165;V035;2025/11/05;07/11/2025;cancelado;13933.98;670.75;13263.23;"{""priority"": null, ""source"": ""APP""}";2025-11-11 00:00:00
O00005;C0048;V001;2026/02/19;21/02/2026;;5027.19;0.0;5027.19;"{""priority"": ""high"", ""source"": ""Portal""}";2026-02-25 00:00:00
O00006;C0132;V021;2025-03-31;10/04/2025;Faturado;12856.58;1794.19;11062.39;"{""priority"": ""low"", ""source"": ""ERP""}";2025-04-04 00:00:00
O00007;C0061;V029;02/09/2025;08/09/2025;entregue;14043.8;14.65;14029.15;"{""priority"": ""low"", ""source"": ""APP""}";2025-09-22 00:00:00
O00008;C0079;V011;04/07/2025;16/07/2025;Faturado;3620.91;1335.9;2285.01;"{""priority"": ""low"", ""source"": ""Portal""}";2025-07-13 00:00:00
O00009;C0040;V030;2025/07/08;18/07/2025;em separacao;3390.65;1914.76;1475.89;"{""priority"": null, ""source"": ""Portal""}";2025-07-14 00:00:00
O00010;C0135;V029;2026/01/26;30/01/2026;faturado;10237.09;0.0;10237.09;"{""priority"": ""low"", ""source"": ""ERP""}";2026-02-12 00:00:00
O00011;C0134;V029;2025-09-16;2025-09-20;Faturado;8633.25;0.0;8633.25;"{""priority"": null, ""source"": ""ERP""}";2025-10-02 00:00:00
O00012;C0117;V037;2025-08-17;30/08/2025;Faturado;928.97;264.76;664.21;"{""priority"": ""high"", ""source"": ""Portal""}";2025-08-17 00:00:00
O00013;C0012;V028;22/07/2025;2025-07-27;EM_SEPARACAO;12265.15;0.0;12265.15;"{""priority"": ""low"", ""source"": ""ERP""}";2025-08-06 00:00:00
O00014;C0096;V025;17/01/2025;22/01/2025;em separacao;6192.12;1538.18;4653.94;"{""priority"": ""low"", ""source"": ""Portal""}";2025-02-03 00:00:00
O00015;c0136;V009;2025/03/10;2025-03-21;;12918.27;238.15;12680.12;"{""priority"": ""low"", ""source"": ""ERP""}";2025-03-19 00:00:00
O00016;C0059;V016;26/08/2025;06/09/2025;cancelado;10814.5;848.83;9965.67;"{""priority"": ""high"", ""source"": ""ERP""}";2025-08-29 00:00:00
O00017;C0062;V014;2025-01-17;2025-01-30;EM_SEPARACAO;9936.95;0.0;9936.95;"{""priority"": ""low"", ""source"": ""APP""}";2025-02-05 00:00:00
O00018;C0103;V029;2025-12-11;2025-12-23;;13095.97;0.0;13095.97;"{""priority"": ""low"", ""source"": ""ERP""}";2025-12-27 00:00:00
O00019;C0148;V039;2025/05/29;02/06/2025;cancelado;12255.22;0.0;12255.22;"{""priority"": ""high"", ""source"": ""ERP""}";2025-06-14 00:00:00
O00020;C0161;V028;2025/04/24;01/05/2025;faturado;4577.46;0.0;4577.46;"{""priority"": ""high"", ""source"": ""Portal""}";2025-05-06 00:00:00
o00021;C0077;V025;2026-02-07;16/02/2026;cancelado;4849.14;0.0;4849.14;"{""priority"": ""medium"", ""source"": ""APP""}";2026-02-11 00:00:00
O00022;C0143;V034;2026-02-17;25/02/2026;cancelado;13729.64;1125.21;12604.43;"{""priority"": ""high"", ""source"": ""ERP""}";2026-02-27 00:00:00
O00023;C0138;V013;2025-11-28;30/11/2025;em separacao;13841.17;0.0;13841.17;"{""priority"": ""low"", ""source"": ""ERP""}";2025-12-04 00:00:00
O00024;C0123;V014;16/02/2026;01/03/2026;faturado;8855.0;0.0;8855.0;"{""priority"": ""medium"", ""source"": ""ERP""}";2026-02-19 00:00:00
O00025;c0102;V016;2026/01/18;31/01/2026;;7235.92;0.0;7235.92;"{""priority"": ""high"", ""source"": ""APP""}";2026-02-01 00:00:00
O00026;C0120;V007;2025/10/01;12/10/2025;;5452.97;523.86;4929.11;"{""priority"": ""high"", ""source"": ""ERP""}";2025-10-12 00:00:00
O00027;C0005;V017;2025/06/10;17/06/2025;entregue;781,16;0.0;781.16;"{""priority"": ""medium"", ""source"": ""ERP""}";2025-06-20 00:00:00
O00028;C0066;V032;2025/04/28;05/05/2025;em separacao;8589.86;0.0;8589.86;"{""priority"": ""medium"", ""source"": ""Portal""}";2025-05-09 00:00:00
O00029;C0135;V003;2025-03-28;2025-03-31;;10832.67;0.0;10832.67;"{""priority"": ""low"", ""source"": ""APP""}";2025-04-01 00:00:00
O00030;C0130;V030;19/11/2025;2025-11-23;EM_SEPARACAO;1112.72;0.0;1112.72;"{""priority"": null, ""source"": ""Portal""}";2025-12-04 00:00:00
O00031;c0136;V018;2025/01/09;10/01/2025;faturado;8029.97;0.0;8029.97;"{""priority"": null, ""source"": ""ERP""}";2025-01-12 00:00:00
O00032;C0091;V018;19/02/2025;2025-02-28;entregue;2318.57;0.0;2318.57;"{""priority"": null, ""source"": ""APP""}";2025-03-09 00:00:00
O00033;C0167;V003;2025-05-05;17/05/2025;em separacao;3465.27;0.0;3511.39;"{""priority"": null, ""source"": ""Portal""}";2025-05-20 00:00:00
O00034;C0112;V008;29/01/2025;2025-02-09;EM_SEPARACAO;240.81;343.6;-102.79;"{""priority"": ""low"", ""source"": ""ERP""}";2025-02-04 00:00:00
O00035;C0176;V018;2025/12/21;2026-01-05;cancelado;8545.08;0.0;8545.08;"{""priority"": ""high"", ""source"": ""ERP""}";2025-12-27 00:00:00
O00036;C0020;V020;2025-10-28;2025-10-31;EM_SEPARACAO;11308.59;1425.71;9882.88;"{""priority"": null, ""source"": ""Portal""}";2025-11-14 00:00:00
O00037;C0129;V023;2025-06-19;2025-06-26;em separacao;11358.58;0.0;11358.58;"{""priority"": ""medium"", ""source"": ""ERP""}";2025-06-29 00:00:00
O00038;C0008;V004;06/11/2025;19/11/2025;em separacao;9246.59;0.0;9246.59;"{""priority"": ""medium"", ""source"": ""APP""}";2025-11-23 00:00:00
O00039;C0022;V040;12/07/2025;2025-07-19;Faturado;2867.49;1172.16;1695.33;"{""priority"": ""low"", ""source"": ""ERP""}";2025-07-20 00:00:00
O00040;C0082;V024;2025-03-20;2025-03-27;faturado;10703.99;1268.17;9435.82;"{""priority"": ""high"", ""source"": ""APP""}";2025-03-31 00:00:00
O00041;C0115;V036;2026/01/25;30/01/2026;faturado;1623.25;175.51;1447.74;"{""priority"": ""low"", ""source"": ""ERP""}";2026-02-05 00:00:00
o00042;C0004;V019;11/10/2025;13/10/2025;;8994.18;1569.09;7425.09;"{""priority"": ""low"", ""source"": ""Portal""}";2025-10-28 00:00:00
O00043;C0036;V018;05/05/2025;15/05/2025;em separacao;7864.46;0.0;7864.46;"{""priority"": ""medium"", ""source"": ""ERP""}";2025-05-10 00:00:00
O00044;C0093;V017;2025-08-11;16/08/2025;EM_SEPARACAO;6374.42;0.0;6374.42;"{""priority"": ""medium"", ""source"": ""APP""}";2025-08-14 00:00:00
O00045;c0085;V029;11/03/2025;16/03/2025;;200.83;791.99;-591.16;"{""priority"": ""medium"", ""source"": ""APP""}";2025-03-21 00:00:00
O00046;C0082;V019;2025/11/05;17/11/2025;EM_SEPARACAO;3092.69;629.05;2463.64;"{""priority"": ""medium"", ""source"": ""APP""}";2025-11-17 00:00:00
O00047;C9999;V038;2025/05/24;2025-06-07;Faturado;11809.41;0.0;11809.41;"{""priority"": ""low"", ""source"": ""Portal""}";2025-06-07 00:00:00
O00048;C0105;V032;2025-12-29;02/01/2026;cancelado;6632.98;0.0;6632.98;"{""priority"": ""high"", ""source"": ""Portal""}";2026-01-02 00:00:00
O00049;C0150;V026;2026/01/02;09/01/2026;EM_SEPARACAO;11857.24;148.86;11708.38;"{""priority"": ""low"", ""source"": ""APP""}";2026-01-19 00:00:00
O00050;C0169;V023;2025-11-01;2025-11-12;EM_SEPARACAO;13724.58;0.0;13724.58;"{""priority"": null, ""source"": ""APP""}";2025-11-14 00:00:00
O00051;C0115;V024;24/02/2025;25/02/2025;;1569.24;0.0;1569.24;"{""priority"": ""medium"", ""source"": ""APP""}";2025-02-24 00:00:00
O00052;C0030;V010;05/09/2025;07/09/2025;entregue;4501.94;0.0;4501.94;"{""priority"": null, ""source"": ""ERP""}";2025-09-21 00:00:00
O00053;C0082;V005;05/09/2025;2025-09-11;;7194.82;876.89;6317.93;"{""priority"": ""low"", ""source"": ""ERP""}";2025-09-15 00:00:00
O00054;C0133;V012;2025/11/28;2025-11-30;entregue;10189,38;0.0;10189.38;"{""priority"": null, ""source"": ""APP""}";2025-12-05 00:00:00
O00055;c0102;V002;2026/02/13;2026-02-20;em separacao;9483.43;373.59;9109.84;"{""priority"": null, ""source"": ""APP""}";2026-02-13 00:00:00
O00056;C0148;V007;2025/12/27;2025-12-31;entregue;3166.19;0.0;3166.19;"{""priority"": ""high"", ""source"": ""ERP""}";2026-01-10 00:00:00
O00057;c0153;V025;2025/02/28;05/03/2025;EM_SEPARACAO;10093.45;0.0;10093.45;"{""priority"": ""low"", ""source"": ""APP""}";2025-03-11 00:00:00
O00058;C0158;V038;2025-08-23;2025-09-02;entregue;2670.66;0.0;2670.66;"{""priority"": ""low"", ""source"": ""ERP""}";2025-09-01 00:00:00
O00059;C0108;V039;2025-03-01;04/03/2025;em separacao;5662.26;283.58;5378.68;"{""priority"": ""medium"", ""source"": ""APP""}";2025-03-21 00:00:00
O00060;C0143;V011;03/10/2025;15/10/2025;cancelado;13795.5;0.0;13795.5;"{""priority"": ""medium"", ""source"": ""APP""}";2025-10-17 00:00:00
O00061;C0035;V013;14/11/2025;15/11/2025;em separacao;12996.28;1903.73;11092.55;"{""priority"": null, ""source"": ""APP""}";2025-11-28 00:00:00
O00062;C0075;V003;08/09/2025;2025-09-11;EM_SEPARACAO;1331.79;0.0;1331.79;"{""priority"": ""high"", ""source"": ""ERP""}";2025-09-22 00:00:00
o00063;C0147;V008;17/10/2025;29/10/2025;EM_SEPARACAO;11610.96;0.0;11610.96;"{""priority"": ""low"", ""source"": ""Portal""}";2025-10-31 00:00:00
O00064;C0077;V003;07/10/2025;11/10/2025;entregue;14847.66;0.0;14847.66;"{""priority"": ""low"", ""source"": ""APP""}";2025-10-10 00:00:00
O00065;C0025;V040;2026/02/02;15/02/2026;cancelado;3630.5;0.0;3630.5;"{""priority"": ""medium"", ""source"": ""ERP""}";2026-02-08 00:00:00
O00066;C0010;V019;17/02/2026;18/02/2026;;8594.11;0.0;8541.21;"{""priority"": ""low"", ""source"": ""ERP""}";2026-03-02 00:00:00
O00067;C0064;V010;2025/01/31;05/02/2025;;13019.01;0.0;13019.01;"{""priority"": ""medium"", ""source"": ""Portal""}";2025-02-12 00:00:00
O00068;C0097;V029;2025-09-08;2025-09-11;em separacao;8703.64;538.17;8165.47;"{""priority"": ""high"", ""source"": ""Portal""}";2025-09-19 00:00:00
O00069;C0118;V004;2025/08/21;29/08/2025;;4976.61;0.0;4976.61;"{""priority"": ""low"", ""source"": ""Portal""}";2025-09-02 00:00:00
O00070;C0073;V022;2025/04/22;2025-04-29;EM_SEPARACAO;12390.23;0.0;12390.23;"{""priority"": null, ""source"": ""APP""}";2025-04-23 00:00:00
O00071;C0032;V011;24/01/2025;26/01/2025;faturado;9430.07;0.0;9430.07;"{""priority"": null, ""source"": ""ERP""}";2025-01-28 00:00:00
O00072;C0024;V008;29/11/2025;04/12/2025;faturado;2468.76;0.0;2468.76;"{""priority"": ""high"", ""source"": ""Portal""}";2025-12-19 00:00:00
O00073;C0110;V008;2025-03-26;2025-03-27;faturado;6005.49;0.0;6005.49;"{""priority"": ""medium"", ""source"": ""APP""}";2025-03-28 00:00:00
O00074;C0003;V022;2025-03-09;19/03/2025;Faturado;3470.24;0.0;3470.24;"{""priority"": ""medium"", ""source"": ""APP""}";2025-03-11 00:00:00
O00075;C0081;V024;28/04/2025;2025-05-05;em separacao;1431.03;0.0;1431.03;"{""priority"": ""medium"", ""source"": ""Portal""}";2025-05-02 00:00:00
O00076;C0113;V023;2025/02/05;2025-02-14;Faturado;8493.04;0.0;8493.04;"{""priority"": ""medium"", ""source"": ""APP""}";2025-02-24 00:00:00
O00077;C0036;V008;2025/12/18;26/12/2025;entregue;12913.44;0.0;12913.44;"{""priority"": null, ""source"": ""APP""}";2025-12-22 00:00:00
O00078;C0177;V002;2025/05/07;12/05/2025;cancelado;9704.85;0.0;9704.85;"{""priority"": ""medium"", ""source"": ""Portal""}";2025-05-19 00:00:00
O00079;C0127;V025;2025-06-01;2025-06-12;em separacao;913.08;0.0;913.08;"{""priority"": ""low"", ""source"": ""Portal""}";2025-06-01 00:00:00
O00080;C0094;V035;2025/07/04;2025-07-19;;4815.44;774.29;4041.15;"{""priority"": null, ""source"": ""ERP""}";2025-07-04 00:00:00
O00081;c0102;V033;28/10/2025;30/10/2025;em separacao;305,52;0.0;305.52;"{""priority"": null, ""source"": ""ERP""}";2025-11-17 00:00:00
O00082;C0021;V033;2025-10-02;2025-10-11;EM_SEPARACAO;9279.1;0.0;9279.1;"{""priority"": ""high"", ""source"": ""APP""}";2025-10-20 00:00:00
O00083;C0080;V028;2025/11/21;2025-12-04;faturado;12534.44;0.0;12534.44;"{""priority"": ""medium"", ""source"": ""ERP""}";2025-12-04 00:00:00
o00084;C0031;V001;2025/03/01;2025-03-09;Faturado;9223.22;0.0;9223.22;"{""priority"": ""low"", ""source"": ""ERP""}";2025-03-16 00:00:00
O00085;C0043;V024;2025-06-27;06/07/2025;Faturado;7806.62;0.0;7806.62;"{""priority"": ""low"", ""source"": ""ERP""}";2025-07-07 00:00:00
O00086;C0128;V030;2026/02/18;25/02/2026;faturado;4152.51;0.0;4152.51;"{""priority"": null, ""source"": ""Portal""}";2026-02-23 00:00:00
O00087;C0059;V033;2025-07-08;2025-07-11;;3901.23;0.0;3901.23;"{""priority"": ""low"", ""source"": ""ERP""}";2025-07-09 00:00:00
O00088;C0142;V008;30/08/2025;2025-09-05;entregue;5806.39;0.0;5806.39;"{""priority"": ""medium"", ""source"": ""APP""}";2025-09-09 00:00:00
O00089;C0046;V015;2025/05/19;2025-06-02;em separacao;1260.52;0.0;1260.52;"{""priority"": ""low"", ""source"": ""APP""}";2025-05-28 00:00:00
O00090;C0003;V024;2026-02-01;15/02/2026;EM_SEPARACAO;4729.4;173.68;4555.72;"{""priority"": ""high"", ""source"": ""Portal""}";2026-02-20 00:00:00
O00091;C0140;V016;2025-05-05;2025-05-13;em separacao;5587.28;0.0;5587.28;"{""priority"": ""low"", ""source"": ""ERP""}";2025-05-22 00:00:00
O00092;C0001;V025;2025/06/27;08/07/2025;faturado;12609.65;0.0;12609.65;"{""priority"": ""medium"", ""source"": ""Portal""}";2025-07-04 00:00:00
O00093;c0051;V018;2025-08-03;2025-08-11;cancelado;14421.66;0.0;14421.66;"{""priority"": null, ""source"": ""Portal""}";2025-08-14 00:00:00
O00094;C9999;V004;23/08/2025;2025-09-04;EM_SEPARACAO;1365.05;0.0;1365.05;"{""priority"": ""low"", ""source"": ""APP""}";2025-08-27 00:00:00
O00095;C0180;V021;02/05/2025;07/05/2025;entregue;3988.76;630.7;3358.06;"{""priority"": ""medium"", ""source"": ""ERP""}";2025-05-08 00:00:00
O00096;C0043;V029;11/03/2025;24/03/2025;em separacao;11575.18;0.0;11575.18;"{""priority"": ""low"", ""source"": ""Portal""}";2025-03-22 00:00:00
O00097;C0024;V011;2026/01/30;03/02/2026;;6833.56;0.0;6833.56;"{""priority"": ""low"", ""source"": ""ERP""}";2026-02-09 00:00:00
O00098;C0132;V004;2025/03/17;19/03/2025;entregue;10696.25;1936.83;8759.42;"{""priority"": ""medium"", ""source"": ""ERP""}";2025-03-29 00:00:00
O00099;C0036;V008;2025-08-20;2025-08-29;;11246.37;500.46;10626.48;"{""priority"": ""medium"", ""source"": ""ERP""}";2025-08-26 00:00:00
O00100;C0150;V038;25/07/2025;2025-07-31;faturado;10325.65;0.0;10325.65;"{""priority"": ""low"", ""source"": ""ERP""}";2025-08-14 00:00:00
O00101;C0032;V003;16/08/2025;2025-08-29;cancelado;2018.99;0.0;2018.99;"{""priority"": null, ""source"": ""Portal""}";2025-08-28 00:00:00
O00102;C0055;V012;12/09/2025;13/09/2025;em separacao;5802.67;0.0;5802.67;"{""priority"": ""medium"", ""source"": ""ERP""}";2025-10-01 00:00:00
O00103;C0141;V031;2025-11-14;2025-11-24;entregue;3762.19;590.92;3171.27;"{""priority"": null, ""source"": ""ERP""}";2025-11-27 00:00:00
O00104;C0098;V023;13/04/2025;24/04/2025;entregue;13281.32;0.0;13281.32;"{""priority"": ""high"", ""source"": ""APP""}";2025-04-21 00:00:00
o00105;C0015;V031;2025/04/03;04/04/2025;;4851.28;0.0;4851.28;"{""priority"": ""medium"", ""source"": ""ERP""}";2025-04-06 00:00:00
O00106;C0057;V037;07/05/2025;18/05/2025;;3693.18;0.0;3693.18;"{""priority"": ""medium"", ""source"": ""ERP""}";2025-05-14 00:00:00
O00107;C0010;V023;2025/10/31;2025-11-06;EM_SEPARACAO;12112.53;0.0;12112.53;"{""priority"": ""medium"", ""source"": ""APP""}";2025-11-17 00:00:00
O00108;C0155;V015;2025-06-08;11/06/2025;faturado;7407,5;0.0;7407.5;"{""priority"": ""high"", ""source"": ""Portal""}";2025-06-14 00:00:00
O00109;C0016;V002;2026-02-17;2026-02-20;;5177.31;0.0;5177.31;"{""priority"": ""low"", ""source"": ""Portal""}";2026-02-28 00:00:00
O00110;C0087;V020;07/02/2025;2025-02-13;cancelado;10597.62;0.0;10597.62;"{""priority"": null, ""source"": ""Portal""}";2025-02-22 00:00:00
O00111;C0058;V038;2025-11-29;05/12/2025;entregue;2695.62;0.0;2695.62;"{""priority"": ""high"", ""source"": ""ERP""}";2025-12-04 00:00:00
O00112;C0146;V003;2026-01-09;10/01/2026;;14236.94;1897.45;12339.49;"{""priority"": ""medium"", ""source"": ""Portal""}";2026-01-27 00:00:00
O00113;C0061;V023;23/02/2025;2025-03-10;Faturado;7493.16;0.0;7493.16;"{""priority"": ""low"", ""source"": ""Portal""}";2025-03-15 00:00:00
O00114;C0064;V005;09/01/2026;24/01/2026;;5102.67;0.0;5102.67;"{""priority"": ""low"", ""source"": ""Portal""}";2026-01-09 00:00:00
O00115;C0106;V032;25/01/2025;01/02/2025;EM_SEPARACAO;6629.48;0.0;6629.48;"{""priority"": null, ""source"": ""ERP""}";2025-02-09 00:00:00
O00116;C0042;V029;2026-02-08;2026-02-22;entregue;8713.03;0.0;8713.03;"{""priority"": ""low"", ""source"": ""APP""}";2026-02-16 00:00:00
O00117;C0020;V036;2025-02-23;25/02/2025;EM_SEPARACAO;5192.94;0.0;5192.94;"{""priority"": null, ""source"": ""Portal""}";2025-02-23 00:00:00
O00118;C0014;V007;09/08/2025;2025-08-20;cancelado;2558.46;0.0;2558.46;"{""priority"": null, ""source"": ""Portal""}";2025-08-26 00:00:00
O00119;C0077;V016;2026-01-05;2026-01-20;em separacao;10976.61;0.0;10976.61;"{""priority"": null, ""source"": ""ERP""}";2026-01-06 00:00:00
O00120;C0052;V007;2025-07-04;2025-07-05;cancelado;6471.33;589.8;5881.53;"{""priority"": ""high"", ""source"": ""ERP""}";2025-07-19 00:00:00
O00121;C0024;V008;2025/03/01;06/03/2025;cancelado;11794.66;0.0;11794.66;"{""priority"": ""high"", ""source"": ""APP""}";2025-03-12 00:00:00
O00122;C0058;V018;2025/04/06;2025-04-14;cancelado;764.79;0.0;764.79;"{""priority"": ""low"", ""source"": ""ERP""}";2025-04-17 00:00:00
O00123;C0142;V004;18/02/2026;27/02/2026;EM_SEPARACAO;6268.4;0.0;6268.4;"{""priority"": null, ""source"": ""Portal""}";2026-02-25 00:00:00
O00124;C0129;V037;2025/09/01;2025-09-06;faturado;1276.43;0.0;1276.43;"{""priority"": null, ""source"": ""ERP""}";2025-09-06 00:00:00
O00125;C0175;V028;2025-04-19;2025-05-02;;2971.62;0.0;2971.62;"{""priority"": ""high"", ""source"": ""APP""}";2025-04-21 00:00:00
o00126;C0134;V030;2025-02-14;21/02/2025;faturado;8389.83;0.0;8389.83;"{""priority"": null, ""source"": ""ERP""}";2025-02-18 00:00:00
O00127;C0028;V037;2025-10-18;28/10/2025;;8781.89;0.0;8781.89;"{""priority"": ""high"", ""source"": ""APP""}";2025-10-26 00:00:00
O00128;C0045;V018;16/07/2025;2025-07-27;EM_SEPARACAO;7335.21;0.0;7335.21;"{""priority"": null, ""source"": ""ERP""}";2025-07-28 00:00:00
O00129;C0096;V002;19/06/2025;01/07/2025;entregue;3639.93;0.0;3639.93;"{""priority"": ""high"", ""source"": ""APP""}";2025-06-22 00:00:00
O00130;C0069;V027;2025/04/27;2025-04-30;cancelado;4577.16;0.0;4577.16;"{""priority"": null, ""source"": ""ERP""}";2025-05-10 00:00:00
O00131;C0132;V011;2026-01-15;23/01/2026;Faturado;11416.45;0.0;11416.45;"{""priority"": null, ""source"": ""ERP""}";2026-01-31 00:00:00
O00132;C0064;V003;19/10/2025;2025-10-20;entregue;2688.69;0.0;2789.78;"{""priority"": ""medium"", ""source"": ""APP""}";2025-10-30 00:00:00
O00133;C0062;V024;26/08/2025;04/09/2025;cancelado;6014.44;0.0;6014.44;"{""priority"": null, ""source"": ""Portal""}";2025-09-12 00:00:00
O00134;C0073;V002;29/06/2025;2025-07-05;cancelado;2536.35;0.0;2536.35;"{""priority"": ""medium"", ""source"": ""ERP""}";2025-07-19 00:00:00
O00135;C0175;V001;26/04/2025;2025-05-07;Faturado;3180,29;0.0;3180.29;"{""priority"": ""medium"", ""source"": ""Portal""}";2025-04-26 00:00:00
O00136;C0109;V025;25/04/2025;30/04/2025;entregue;9164.32;0.0;9164.32;"{""priority"": ""medium"", ""source"": ""APP""}";2025-05-04 00:00:00
O00137;C0002;V033;2025/12/13;22/12/2025;EM_SEPARACAO;12382.23;0.0;12382.23;"{""priority"": ""high"", ""source"": ""APP""}";2025-12-16 00:00:00
O00138;C0071;V017;2025/09/04;06/09/2025;cancelado;5110.63;0.0;5110.63;"{""priority"": ""medium"", ""source"": ""Portal""}";2025-09-11 00:00:00
O00139;c0170;V021;2025/01/30;2025-02-12;Faturado;12874.0;1620.25;11253.75;"{""priority"": ""low"", ""source"": ""Portal""}";2025-02-14 00:00:00
O00140;C0150;V037;2025-06-01;06/06/2025;Faturado;13612.98;0.0;13612.98;"{""priority"": ""medium"", ""source"": ""Portal""}";2025-06-18 00:00:00
O00141;C9999;V033;23/11/2025;2025-12-06;;7188.45;0.0;7188.45;"{""priority"": ""medium"", ""source"": ""APP""}";2025-11-26 00:00:00
O00142;C0175;V022;2025/08/30;2025-09-02;cancelado;11139.69;0.0;11139.69;"{""priority"": ""high"", ""source"": ""ERP""}";2025-09-08 00:00:00
O00143;c0119;V008;04/08/2025;2025-08-17;;13313.97;0.0;13313.97;"{""priority"": ""low"", ""source"": ""APP""}";2025-08-10 00:00:00
O00144;C0106;V004;2025-09-14;2025-09-16;cancelado;13025.72;0.0;13025.72;"{""priority"": ""high"", ""source"": ""APP""}";2025-10-02 00:00:00
O00145;C0125;V022;2025/08/23;2025-08-26;entregue;4814.11;0.0;4814.11;"{""priority"": ""low"", ""source"": ""ERP""}";2025-09-06 00:00:00
O00146;C0126;V006;2025-05-21;25/05/2025;Faturado;11441.78;0.0;11441.78;"{""priority"": null, ""source"": ""APP""}";2025-06-03 00:00:00
o00147;C0004;V021;2025/09/02;2025-09-09;faturado;169.57;0.0;169.57;"{""priority"": ""low"", ""source"": ""Portal""}";2025-09-09 00:00:00
O00148;C0099;V033;2025/04/26;08/05/2025;cancelado;13167.08;0.0;13167.08;"{""priority"": ""low"", ""source"": ""ERP""}";2025-05-05 00:00:00
O00149;C0112;V009;29/05/2025;06/06/2025;entregue;10944.7;0.0;10944.7;"{""priority"": ""medium"", ""source"": ""ERP""}";2025-06-10 00:00:00
O00150;C0006;V038;2025/01/10;2025-01-14;faturado;3442.39;0.0;3442.39;"{""priority"": ""high"", ""source"": ""Portal""}";2025-01-30 00:00:00
O00151;c0153;V004;2026/02/10;2026-02-11;Faturado;5690.37;0.0;5690.37;"{""priority"": ""low"", ""source"": ""ERP""}";2026-02-13 00:00:00
O00152;C0180;V010;2025-08-02;2025-08-10;entregue;5765.78;1095.02;4670.76;"{""priority"": null, ""source"": ""Portal""}";2025-08-05 00:00:00
O00153;C0108;V007;2025/12/06;2025-12-15;entregue;4122.66;0.0;4122.66;"{""priority"": ""low"", ""source"": ""ERP""}";2025-12-21 00:00:00
O00154;C0092;V027;12/04/2025;2025-04-22;faturado;3076.27;0.0;3076.27;"{""priority"": null, ""source"": ""ERP""}";2025-04-27 00:00:00
O00155;C0147;V032;2025-06-19;2025-06-23;;140.8;0.0;140.8;"{""priority"": ""low"", ""source"": ""Portal""}";2025-06-22 00:00:00
O00156;c0068;V030;2025-05-12;2025-05-23;;3544.29;0.0;3544.29;"{""priority"": ""medium"", ""source"": ""ERP""}";2025-05-21 00:00:00
O00157;C0025;V003;2025-07-04;2025-07-17;Faturado;10183.82;0.0;10183.82;"{""priority"": ""medium"", ""source"": ""APP""}";2025-07-15 00:00:00
O00158;C0088;V012;2025-08-13;23/08/2025;em separacao;4097.81;0.0;4097.81;"{""priority"": null, ""source"": ""APP""}";2025-08-25 00:00:00
O00159;C0029;V009;2025/12/20;2026-01-03;;7225.85;0.0;7225.85;"{""priority"": ""medium"", ""source"": ""ERP""}";2026-01-02 00:00:00
O00160;C0157;V025;30/10/2025;2025-11-07;;12053.75;0.0;12053.75;"{""priority"": ""medium"", ""source"": ""APP""}";2025-11-14 00:00:00
O00161;C0168;V021;2025-02-27;2025-03-14;Faturado;6228.14;0.0;6228.14;"{""priority"": ""high"", ""source"": ""Portal""}";2025-03-15 00:00:00
O00162;C0124;V023;2025/12/19;31/12/2025;cancelado;9311,76;0.0;9311.76;"{""priority"": ""low"", ""source"": ""ERP""}";2026-01-08 00:00:00
O00163;C0020;V032;22/03/2025;2025-03-31;entregue;12747.8;0.0;12747.8;"{""priority"": ""high"", ""source"": ""ERP""}";2025-04-07 00:00:00
O00164;C0021;V030;25/04/2025;04/05/2025;faturado;9685.43;0.0;9685.43;"{""priority"": null, ""source"": ""APP""}";2025-05-05 00:00:00
O00165;C0143;V036;2025-03-02;2025-03-10;;11204.06;36.52;11141.24;"{""priority"": ""high"", ""source"": ""Portal""}";2025-03-19 00:00:00
O00166;C0014;V015;16/04/2025;27/04/2025;EM_SEPARACAO;10104.97;0.0;10104.97;"{""priority"": null, ""source"": ""Portal""}";2025-04-27 00:00:00
O00167;C0001;V022;02/01/2026;10/01/2026;EM_SEPARACAO;1798.95;0.0;1798.95;"{""priority"": ""high"", ""source"": ""Portal""}";2026-01-05 00:00:00
o00168;C0028;V017;2025/01/24;2025-02-08;cancelado;2545.91;281.76;2264.15;"{""priority"": ""low"", ""source"": ""APP""}";2025-01-30 00:00:00
O00169;C0107;V003;2025/08/23;2025-09-06;;11743.16;0.0;11743.16;"{""priority"": null, ""source"": ""APP""}";2025-09-10 00:00:00
O00170;C0142;V028;2025/09/16;19/09/2025;EM_SEPARACAO;14461.44;0.0;14461.44;"{""priority"": ""medium"", ""source"": ""Portal""}";2025-10-04 00:00:00
O00171;C0130;V025;30/03/2025;2025-04-11;entregue;12247.14;0.0;12247.14;"{""priority"": null, ""source"": ""APP""}";2025-04-08 00:00:00
O00172;C0180;V036;20/08/2025;2025-09-02;cancelado;2087.24;0.0;2087.24;"{""priority"": ""medium"", ""source"": ""Portal""}";2025-08-29 00:00:00
O00173;C0129;V035;2025/12/18;24/12/2025;Faturado;13825.76;0.0;13825.76;"{""priority"": ""low"", ""source"": ""APP""}";2026-01-04 00:00:00
O00174;C0173;V035;03/09/2025;13/09/2025;;8602.51;1334.65;7267.86;"{""priority"": ""low"", ""source"": ""Portal""}";2025-09-06 00:00:00
O00175;C0069;V011;13/01/2025;20/01/2025;cancelado;2265.37;0.0;2265.37;"{""priority"": ""low"", ""source"": ""Portal""}";2025-01-22 00:00:00
O00176;C0027;V040;2025/04/15;2025-04-28;Faturado;8163.46;718.01;7445.45;"{""priority"": null, ""source"": ""ERP""}";2025-05-01 00:00:00
O00177;C0098;V025;06/02/2026;19/02/2026;EM_SEPARACAO;12002.44;0.0;12002.44;"{""priority"": ""low"", ""source"": ""ERP""}";2026-02-14 00:00:00
O00178;C0058;V004;2025/04/14;24/04/2025;;13045.86;1721.03;11324.83;"{""priority"": ""medium"", ""source"": ""Portal""}";2025-04-20 00:00:00
O00179;C0045;V033;2025-05-31;08/06/2025;faturado;2743.65;0.0;2743.65;"{""priority"": null, ""source"": ""APP""}";2025-06-17 00:00:00
O00180;c0085;V030;2025/05/16;2025-05-19;faturado;2497.84;0.0;2497.84;"{""priority"": ""medium"", ""source"": ""APP""}";2025-06-04 00:00:00
O00181;C0126;V037;2025/01/27;09/02/2025;faturado;13992.49;0.0;13992.49;"{""priority"": ""high"", ""source"": ""Portal""}";2025-02-03 00:00:00
O00182;C0140;V035;05/04/2025;2025-04-14;entregue;1115.83;1010.78;105.05;"{""priority"": ""medium"", ""source"": ""ERP""}";2025-04-15 00:00:00
O00183;C0144;V008;2025-06-19;2025-06-25;Faturado;4474.26;1900.67;2573.59;"{""priority"": ""high"", ""source"": ""APP""}";2025-06-26 00:00:00
O00184;C0175;V021;25/11/2025;2025-12-05;em separacao;13787.25;0.0;13787.25;"{""priority"": ""high"", ""source"": ""Portal""}";2025-12-04 00:00:00
O00185;C0125;V003;13/01/2025;2025-01-28;entregue;7801.33;1541.22;6260.11;"{""priority"": ""low"", ""source"": ""ERP""}";2025-01-18 00:00:00
O00186;C0172;V004;2026-01-31;09/02/2026;;8044.77;0.0;8044.77;"{""priority"": ""low"", ""source"": ""ERP""}";2026-02-17 00:00:00
O00187;C0176;V010;2025-12-26;10/01/2026;Faturado;14645.74;0.0;14645.74;"{""priority"": ""high"", ""source"": ""ERP""}";2025-12-28 00:00:00
O00188;C9999;V037;2025-02-07;08/02/2025;em separacao;2752.08;0.0;2752.08;"{""priority"": null, ""source"": ""APP""}";2025-02-27 00:00:00
o00189;C0137;V001;2025/07/27;2025-08-03;;4814,42;0.0;4814.42;"{""priority"": ""low"", ""source"": ""Portal""}";2025-07-29 00:00:00
O00190;C0156;V006;03/07/2025;18/07/2025;em separacao;7592.27;0.0;7592.27;"{""priority"": null, ""source"": ""Portal""}";2025-07-03 00:00:00
O00191;C0140;V019;2025/08/31;2025-09-03;entregue;8048.67;273.63;7775.04;"{""priority"": ""high"", ""source"": ""ERP""}";2025-09-17 00:00:00
O00192;C0138;V036;2025-10-12;15/10/2025;cancelado;1936.2;11.05;1925.15;"{""priority"": ""high"", ""source"": ""ERP""}";2025-10-25 00:00:00
O00193;C0158;V017;2025-11-27;2025-12-11;cancelado;7737.04;0.0;7737.04;"{""priority"": ""low"", ""source"": ""Portal""}";2025-12-11 00:00:00
O00194;C0026;V013;2025/11/27;06/12/2025;entregue;1189.85;0.0;1189.85;"{""priority"": ""high"", ""source"": ""ERP""}";2025-12-17 00:00:00
O00195;C0082;V032;01/05/2025;03/05/2025;EM_SEPARACAO;4348.54;0.0;4348.54;"{""priority"": ""high"", ""source"": ""Portal""}";2025-05-19 00:00:00
O00196;C0044;V001;20/03/2025;2025-03-30;;8546.24;1615.59;6930.65;"{""priority"": ""medium"", ""source"": ""Portal""}";2025-04-09 00:00:00
O00197;C0123;V030;12/08/2025;17/08/2025;;12617.64;0.0;12617.64;"{""priority"": ""high"", ""source"": ""APP""}";2025-08-29 00:00:00
O00198;C0036;V035;2025-02-25;28/02/2025;Faturado;9718.72;0.0;9826.33;"{""priority"": ""low"", ""source"": ""Portal""}";2025-02-27 00:00:00
O00199;C0152;V014;2025-01-10;24/01/2025;EM_SEPARACAO;7656.96;63.36;7593.6;"{""priority"": null, ""source"": ""Portal""}";2025-01-14 00:00:00
O00200;C0035;V030;2025/07/07;2025-07-14;em separacao;3427.27;0.0;3427.27;"{""priority"": ""high"", ""source"": ""Portal""}";2025-07-07 00:00:00
O00201;C0132;V009;06/12/2025;2025-12-10;cancelado;12734.93;0.0;12734.93;"{""priority"": ""medium"", ""source"": ""Portal""}";2025-12-21 00:00:00
O00202;c0068;V024;2025-07-03;2025-07-04;Faturado;3360.4;0.0;3360.4;"{""priority"": ""medium"", ""source"": ""Portal""}";2025-07-14 00:00:00
O00203;C0167;V021;2025-07-18;26/07/2025;;13776.74;0.0;13776.74;"{""priority"": ""high"", ""source"": ""Portal""}";2025-08-04 00:00:00
O00204;C0133;V017;19/10/2025;2025-10-22;EM_SEPARACAO;5712.23;0.0;5712.23;"{""priority"": null, ""source"": ""APP""}";2025-10-30 00:00:00
O00205;C0113;V011;2025-09-07;2025-09-20;EM_SEPARACAO;7283.44;0.0;7283.44;"{""priority"": ""high"", ""source"": ""ERP""}";2025-09-11 00:00:00
O00206;c0170;V015;06/04/2025;09/04/2025;Faturado;5497.12;0.0;5497.12;"{""priority"": ""low"", ""source"": ""APP""}";2025-04-21 00:00:00
O00207;C0006;V016;2025-09-03;2025-09-07;EM_SEPARACAO;8902.78;1294.87;7607.91;"{""priority"": ""medium"", ""source"": ""ERP""}";2025-09-23 00:00:00
O00208;C0067;V012;2025/09/20;21/09/2025;EM_SEPARACAO;13372.89;0.0;13372.89;"{""priority"": ""low"", ""source"": ""Portal""}";2025-09-29 00:00:00
O00209;C0044;V015;13/02/2025;2025-02-17;;6793.13;1985.56;4807.57;"{""priority"": ""medium"", ""source"": ""Portal""}";2025-03-01 00:00:00
o00210;c0153;V038;2025-05-16;2025-05-19;em separacao;10890.38;686.0;10204.38;"{""priority"": null, ""source"": ""ERP""}";2025-05-19 00:00:00
O00211;C0039;V039;2025-01-09;2025-01-13;em separacao;7888.4;1818.77;6069.63;"{""priority"": ""low"", ""source"": ""Portal""}";2025-01-25 00:00:00
O00212;C0174;V008;21/01/2026;23/01/2026;entregue;1488.53;0.0;1488.53;"{""priority"": ""low"", ""source"": ""Portal""}";2026-02-06 00:00:00
O00213;C0090;V038;2025/08/08;2025-08-12;em separacao;14082.48;964.76;13117.72;"{""priority"": ""medium"", ""source"": ""APP""}";2025-08-23 00:00:00
O00214;C0066;V013;2026-01-28;2026-02-01;EM_SEPARACAO;13660.27;168.55;13491.72;"{""priority"": ""low"", ""source"": ""Portal""}";2026-01-28 00:00:00
O00215;C0093;V007;2025-07-12;23/07/2025;Faturado;3160.74;1608.77;1551.97;"{""priority"": ""high"", ""source"": ""APP""}";2025-07-29 00:00:00
O00216;C0053;V027;2025/08/05;15/08/2025;cancelado;5548,1;551.85;4996.25;"{""priority"": ""high"", ""source"": ""Portal""}";2025-08-22 00:00:00
O00217;C0036;V008;2025/09/05;2025-09-10;em separacao;14828.77;1155.72;13673.05;"{""priority"": ""medium"", ""source"": ""ERP""}";2025-09-11 00:00:00
O00218;C0042;V025;2025/09/18;2025-09-25;;11812.61;0.0;11812.61;"{""priority"": ""low"", ""source"": ""ERP""}";2025-10-03 00:00:00
O00219;C0021;V039;2025-11-04;11/11/2025;em separacao;1413.3;0.0;1413.3;"{""priority"": ""high"", ""source"": ""Portal""}";2025-11-23 00:00:00
O00220;C0003;V013;2025/01/30;12/02/2025;cancelado;12321.41;1280.94;11040.47;"{""priority"": ""low"", ""source"": ""Portal""}";2025-02-15 00:00:00
O00221;C0093;V016;2025/09/22;2025-10-04;cancelado;3551.9;0.0;3551.9;"{""priority"": ""low"", ""source"": ""APP""}";2025-10-04 00:00:00
O00222;C0010;V005;2025-06-30;11/07/2025;Faturado;5987.63;0.0;5987.63;"{""priority"": ""high"", ""source"": ""APP""}";2025-07-08 00:00:00
O00223;C0148;V001;26/04/2025;2025-05-06;em separacao;14449.55;910.06;13539.49;"{""priority"": ""low"", ""source"": ""Portal""}";2025-04-28 00:00:00
O00224;C0138;V037;15/09/2025;20/09/2025;em separacao;5165.49;0.0;5165.49;"{""priority"": null, ""source"": ""ERP""}";2025-09-25 00:00:00
O00225;C0124;V008;02/02/2026;2026-02-10;em separacao;10255.76;0.0;10255.76;"{""priority"": ""medium"", ""source"": ""Portal""}";2026-02-09 00:00:00
O00226;C0180;V017;2026-02-14;20/02/2026;faturado;6245.15;0.0;6245.15;"{""priority"": null, ""source"": ""Portal""}";2026-02-24 00:00:00
O00227;C0056;V037;08/02/2025;2025-02-17;Faturado;13977.8;0.0;13977.8;"{""priority"": ""medium"", ""source"": ""APP""}";2025-02-14 00:00:00
O00228;C0052;V016;2025/05/01;13/05/2025;cancelado;3706.64;0.0;3706.64;"{""priority"": ""low"", ""source"": ""ERP""}";2025-05-03 00:00:00
O00229;C0124;V024;2025/12/13;24/12/2025;em separacao;7440.71;0.0;7440.71;"{""priority"": ""high"", ""source"": ""APP""}";2025-12-18 00:00:00
O00230;C0014;V034;27/01/2026;11/02/2026;EM_SEPARACAO;7715.89;0.0;7715.89;"{""priority"": ""low"", ""source"": ""Portal""}";2026-02-07 00:00:00
o00231;C0118;V021;2025/07/21;2025-08-04;faturado;10326.45;0.0;10385.92;"{""priority"": ""medium"", ""source"": ""APP""}";2025-08-08 00:00:00
O00232;C0141;V017;2025-02-21;27/02/2025;em separacao;5487.87;0.0;5487.87;"{""priority"": ""high"", ""source"": ""APP""}";2025-02-26 00:00:00
O00233;C0094;V026;13/09/2025;20/09/2025;cancelado;3236.93;0.0;3236.93;"{""priority"": ""medium"", ""source"": ""Portal""}";2025-09-20 00:00:00
O00234;C0098;V013;2026-02-21;2026-02-23;em separacao;10840.15;1608.37;9231.78;"{""priority"": ""low"", ""source"": ""ERP""}";2026-03-06 00:00:00
O00235;C9999;V032;13/09/2025;16/09/2025;EM_SEPARACAO;14933.87;0.0;14933.87;"{""priority"": ""low"", ""source"": ""APP""}";2025-09-16 00:00:00
O00236;C0162;V007;20/12/2025;23/12/2025;entregue;994.54;1627.82;-633.28;"{""priority"": ""high"", ""source"": ""APP""}";2026-01-06 00:00:00
O00237;C0032;V023;2025/10/13;2025-10-28;EM_SEPARACAO;12169.24;688.94;11480.3;"{""priority"": ""medium"", ""source"": ""APP""}";2025-10-24 00:00:00
O00238;C0021;V025;2025/06/16;27/06/2025;em separacao;7705.62;1549.71;6155.91;"{""priority"": ""medium"", ""source"": ""ERP""}";2025-07-06 00:00:00
O00239;C0019;V006;2026-02-18;05/03/2026;cancelado;5127.09;1262.92;3864.17;"{""priority"": ""high"", ""source"": ""APP""}";2026-03-10 00:00:00
O00240;C0114;V024;2025/05/30;11/06/2025;em separacao;4085.34;0.0;4085.34;"{""priority"": ""medium"", ""source"": ""ERP""}";2025-05-30 00:00:00
O00241;C0054;V011;06/03/2025;2025-03-18;faturado;3595.95;0.0;3595.95;"{""priority"": ""low"", ""source"": ""APP""}";2025-03-23 00:00:00
O00242;C0027;V017;2025/01/28;2025-01-29;faturado;11586.91;0.0;11586.91;"{""priority"": null, ""source"": ""APP""}";2025-02-04 00:00:00
O00243;C0135;V011;2025-05-07;2025-05-19;Faturado;4334,21;0.0;4334.21;"{""priority"": ""high"", ""source"": ""APP""}";2025-05-22 00:00:00
O00244;C0035;V035;2025-08-28;11/09/2025;Faturado;8154.7;545.56;7609.14;"{""priority"": null, ""source"": ""Portal""}";2025-09-17 00:00:00
O00245;C0023;V029;24/11/2025;03/12/2025;em separacao;4713.95;0.0;4713.95;"{""priority"": ""high"", ""source"": ""ERP""}";2025-12-03 00:00:00
O00246;C0089;V019;06/01/2025;2025-01-07;Faturado;7897.41;0.0;7897.41;"{""priority"": null, ""source"": ""APP""}";2025-01-15 00:00:00
O00247;C0002;V036;05/01/2025;2025-01-18;em separacao;6513.49;0.0;6513.49;"{""priority"": null, ""source"": ""APP""}";2025-01-12 00:00:00
O00248;C0057;V017;2025-03-25;06/04/2025;Faturado;11083.06;780.06;10303.0;"{""priority"": ""medium"", ""source"": ""Portal""}";2025-04-13 00:00:00
O00249;C0106;V013;2026-02-18;2026-03-02;cancelado;10301.14;0.0;10301.14;"{""priority"": ""high"", ""source"": ""ERP""}";2026-03-10 00:00:00
O00250;C0049;V021;2025-08-22;2025-09-01;faturado;6846.23;1401.24;5444.99;"{""priority"": ""low"", ""source"": ""ERP""}";2025-08-25 00:00:00
O00251;C0060;V006;2025-05-25;2025-05-30;em separacao;1963.08;0.0;1963.08;"{""priority"": ""medium"", ""source"": ""APP""}";2025-06-07 00:00:00
o00252;C0179;V003;09/06/2025;2025-06-22;;12011.99;1995.93;10016.06;"{""priority"": ""medium"", ""source"": ""ERP""}";2025-06-17 00:00:00
O00253;C0065;V025;2026-02-02;2026-02-09;;1163.63;0.0;1163.63;"{""priority"": ""medium"", ""source"": ""APP""}";2026-02-16 00:00:00
O00254;C0134;V014;07/05/2025;19/05/2025;Faturado;14918.58;0.0;14918.58;"{""priority"": ""high"", ""source"": ""APP""}";2025-05-12 00:00:00
O00255;C0065;V031;2025/11/19;01/12/2025;cancelado;728.57;0.0;728.57;"{""priority"": ""high"", ""source"": ""ERP""}";2025-11-25 00:00:00
O00256;C0071;V038;2025-02-27;03/03/2025;;9530.34;0.0;9530.34;"{""priority"": ""medium"", ""source"": ""ERP""}";2025-02-28 00:00:00
O00257;C0096;V006;2025-10-25;2025-11-07;em separacao;10392.2;0.0;10392.2;"{""priority"": ""low"", ""source"": ""Portal""}";2025-11-13 00:00:00
O00258;C0016;V023;2025/06/23;2025-07-08;Faturado;14547.81;0.0;14547.81;"{""priority"": ""low"", ""source"": ""ERP""}";2025-07-08 00:00:00
O00259;C0113;V013;2025-04-30;06/05/2025;entregue;14726.97;0.0;14726.97;"{""priority"": ""medium"", ""source"": ""APP""}";2025-05-01 00:00:00
O00260;C0049;V037;2025-09-06;18/09/2025;entregue;6618.75;590.13;6028.62;"{""priority"": null, ""source"": ""APP""}";2025-09-25 00:00:00
O00261;c0068;V035;11/10/2025;14/10/2025;faturado;1126.26;0.0;1126.26;"{""priority"": null, ""source"": ""Portal""}";2025-10-16 00:00:00
O00262;C0083;V005;2025/01/10;20/01/2025;cancelado;12866.76;0.0;12866.76;"{""priority"": null, ""source"": ""Portal""}";2025-01-14 00:00:00
O00263;C0025;V034;2025/11/10;2025-11-15;faturado;4906.74;0.0;4906.74;"{""priority"": ""medium"", ""source"": ""ERP""}";2025-11-11 00:00:00
O00264;C0135;V040;2025/04/14;16/04/2025;faturado;7332.02;198.41;7180.99;"{""priority"": ""high"", ""source"": ""ERP""}";2025-05-03 00:00:00
O00265;C0021;V030;2026/01/03;2026-01-05;entregue;294.98;1842.15;-1547.17;"{""priority"": null, ""source"": ""APP""}";2026-01-04 00:00:00
O00266;C0020;V014;2025/11/12;2025-11-17;faturado;7982.41;0.0;7982.41;"{""priority"": ""medium"", ""source"": ""Portal""}";2025-11-24 00:00:00
O00267;C0143;V036;08/04/2025;2025-04-12;;7940.26;0.0;7940.26;"{""priority"": ""high"", ""source"": ""Portal""}";2025-04-22 00:00:00
O00268;C0141;V026;2025/12/26;06/01/2026;Faturado;6463.42;0.0;6463.42;"{""priority"": ""medium"", ""source"": ""Portal""}";2026-01-14 00:00:00
O00269;C0096;V027;2025/08/15;30/08/2025;;5349.63;0.0;5349.63;"{""priority"": ""high"", ""source"": ""Portal""}";2025-08-22 00:00:00
O00270;C0093;V029;16/10/2025;25/10/2025;faturado;3287,53;0.0;3287.53;"{""priority"": ""low"", ""source"": ""APP""}";2025-11-04 00:00:00
O00271;C0077;V015;2025-01-09;18/01/2025;faturado;2112.78;0.0;2112.78;"{""priority"": ""high"", ""source"": ""Portal""}";2025-01-25 00:00:00
O00272;C0118;V023;2025-10-12;2025-10-22;entregue;13896.24;0.0;13896.24;"{""priority"": ""high"", ""source"": ""Portal""}";2025-10-19 00:00:00
o00273;C0146;V014;2025/04/30;2025-05-05;Faturado;12185.01;184.72;12000.29;"{""priority"": ""high"", ""source"": ""APP""}";2025-05-05 00:00:00
O00274;c0153;V008;07/09/2025;2025-09-21;Faturado;13495.46;0.0;13495.46;"{""priority"": null, ""source"": ""ERP""}";2025-09-08 00:00:00
O00275;C0031;V015;2026/01/30;2026-02-05;Faturado;5284.16;1634.47;3649.69;"{""priority"": null, ""source"": ""ERP""}";2026-02-08 00:00:00
O00276;C0129;V015;2025-09-26;2025-09-27;Faturado;4857.82;0.0;4857.82;"{""priority"": null, ""source"": ""APP""}";2025-10-15 00:00:00
O00277;C0038;V009;22/10/2025;2025-10-31;em separacao;1442.24;864.44;577.8;"{""priority"": ""low"", ""source"": ""Portal""}";2025-11-03 00:00:00
O00278;C0035;V031;2025/05/15;2025-05-17;em separacao;6038.05;0.0;6038.05;"{""priority"": null, ""source"": ""Portal""}";2025-06-02 00:00:00
O00279;C0063;V005;11/04/2025;20/04/2025;entregue;9278.35;0.0;9278.35;"{""priority"": ""low"", ""source"": ""ERP""}";2025-04-24 00:00:00
O00280;C0079;V011;05/08/2025;11/08/2025;EM_SEPARACAO;5289.79;0.0;5289.79;"{""priority"": ""medium"", ""source"": ""APP""}";2025-08-06 00:00:00
O00281;C0029;V004;2026-02-23;2026-02-27;;3075.31;0.0;3075.31;"{""priority"": ""high"", ""source"": ""ERP""}";2026-03-05 00:00:00
O00282;C9999;V022;2025-12-22;2026-01-04;cancelado;1758.04;0.0;1758.04;"{""priority"": ""high"", ""source"": ""Portal""}";2026-01-06 00:00:00
O00283;C0097;V038;2025/11/15;2025-11-27;entregue;14885.3;0.0;14885.3;"{""priority"": ""medium"", ""source"": ""ERP""}";2025-11-24 00:00:00
O00284;C0168;V001;2025-04-13;26/04/2025;Faturado;10478.25;543.29;9934.96;"{""priority"": ""high"", ""source"": ""Portal""}";2025-04-24 00:00:00
O00285;C0060;V025;2025/02/25;2025-02-26;entregue;4458.18;1766.92;2691.26;"{""priority"": null, ""source"": ""Portal""}";2025-03-14 00:00:00
O00286;C0011;V016;2025/02/15;18/02/2025;entregue;3063.24;0.0;3063.24;"{""priority"": null, ""source"": ""APP""}";2025-02-20 00:00:00
O00287;C0061;V033;10/01/2025;2025-01-16;Faturado;10296.24;0.0;10296.24;"{""priority"": ""high"", ""source"": ""APP""}";2025-01-10 00:00:00
O00288;C0169;V009;2025-10-12;17/10/2025;EM_SEPARACAO;3461.18;684.23;2776.95;"{""priority"": ""medium"", ""source"": ""APP""}";2025-10-19 00:00:00
O00289;C0115;V035;2025-10-21;2025-10-24;Faturado;6454.33;0.0;6454.33;"{""priority"": ""medium"", ""source"": ""Portal""}";2025-11-07 00:00:00
O00290;C0111;V010;2025/12/17;2025-12-30;entregue;3114.42;0.0;3114.42;"{""priority"": ""low"", ""source"": ""Portal""}";2026-01-03 00:00:00
O00291;C0008;V021;04/01/2026;06/01/2026;entregue;2843.61;0.0;2843.61;"{""priority"": null, ""source"": ""Portal""}";2026-01-24 00:00:00
O00292;C0048;V002;2026/01/14;19/01/2026;EM_SEPARACAO;2364.16;0.0;2364.16;"{""priority"": ""medium"", ""source"": ""Portal""}";2026-01-21 00:00:00
O00293;C0035;V033;2025/04/29;10/05/2025;Faturado;488.66;159.87;328.79;"{""priority"": ""high"", ""source"": ""ERP""}";2025-05-11 00:00:00
o00294;C0105;V001;09/09/2025;17/09/2025;cancelado;2148.94;0.0;2148.94;"{""priority"": ""medium"", ""source"": ""ERP""}";2025-09-11 00:00:00
O00295;C0177;V021;01/04/2025;2025-04-16;em separacao;14325.02;879.13;13445.89;"{""priority"": null, ""source"": ""ERP""}";2025-04-20 00:00:00
O00296;C0134;V007;12/01/2026;26/01/2026;;5767.58;0.0;5767.58;"{""priority"": ""low"", ""source"": ""ERP""}";2026-01-28 00:00:00
O00297;C0162;V004;2025-10-03;10/10/2025;em separacao;14759,08;79.46;14684.46;"{""priority"": null, ""source"": ""APP""}";2025-10-12 00:00:00
O00298;C0177;V034;2025-08-25;28/08/2025;;6394.69;0.0;6394.69;"{""priority"": null, ""source"": ""ERP""}";2025-09-10 00:00:00
O00299;C0101;V027;27/02/2025;02/03/2025;faturado;11703.09;0.0;11703.09;"{""priority"": ""medium"", ""source"": ""APP""}";2025-03-17 00:00:00
O00300;C0083;V008;2025/12/31;2026-01-15;Faturado;3108.79;0.0;3108.79;"{""priority"": ""low"", ""source"": ""ERP""}";2026-01-03 00:00:00
O00301;C0131;V040;2025-12-28;05/01/2026;EM_SEPARACAO;9547.68;171.53;9376.15;"{""priority"": null, ""source"": ""ERP""}";2026-01-02 00:00:00
O00302;C0038;V012;2025/06/21;2025-07-01;em separacao;13082.45;0.0;13082.45;"{""priority"": ""high"", ""source"": ""APP""}";2025-07-05 00:00:00
O00303;C0001;V040;28/05/2025;2025-06-08;em separacao;2792.37;0.0;2792.37;"{""priority"": null, ""source"": ""APP""}";2025-06-14 00:00:00
O00304;C0151;V031;18/02/2026;19/02/2026;em separacao;9158.96;0.0;9158.96;"{""priority"": ""low"", ""source"": ""Portal""}";2026-03-09 00:00:00
O00305;C0013;V012;2025-01-04;2025-01-08;Faturado;13244.3;0.0;13244.3;"{""priority"": ""high"", ""source"": ""ERP""}";2025-01-08 00:00:00
O00306;C0023;V004;2025-01-17;28/01/2025;cancelado;8713.58;0.0;8713.58;"{""priority"": ""medium"", ""source"": ""Portal""}";2025-01-26 00:00:00
O00307;C0117;V038;09/11/2025;2025-11-20;faturado;10403.55;0.0;10403.55;"{""priority"": ""high"", ""source"": ""APP""}";2025-11-20 00:00:00
O00308;C0075;V031;2025-07-14;2025-07-28;Faturado;1108.23;0.0;1108.23;"{""priority"": ""high"", ""source"": ""APP""}";2025-07-30 00:00:00
O00309;C0028;V037;2025/07/31;2025-08-09;em separacao;3226.7;0.0;3226.7;"{""priority"": ""high"", ""source"": ""APP""}";2025-08-19 00:00:00
O00310;c0034;V040;2025/06/12;17/06/2025;EM_SEPARACAO;7928.33;0.0;7928.33;"{""priority"": null, ""source"": ""APP""}";2025-06-17 00:00:00
O00311;C0031;V002;09/11/2025;2025-11-13;Faturado;10657.95;0.0;10657.95;"{""priority"": ""medium"", ""source"": ""Portal""}";2025-11-22 00:00:00
O00312;C0003;V004;2025-07-31;01/08/2025;entregue;5073.5;0.0;5073.5;"{""priority"": ""low"", ""source"": ""APP""}";2025-08-09 00:00:00
O00313;C0088;V026;2025/09/17;2025-09-26;;4926.47;0.0;4926.47;"{""priority"": ""medium"", ""source"": ""ERP""}";2025-09-27 00:00:00
O00314;C0166;V009;23/06/2025;2025-07-08;Faturado;10119.85;0.0;10119.85;"{""priority"": null, ""source"": ""Portal""}";2025-07-03 00:00:00
o00315;C0134;V020;2025/08/25;07/09/2025;EM_SEPARACAO;12231.08;0.0;12231.08;"{""priority"": ""low"", ""source"": ""ERP""}";2025-09-12 00:00:00
O00316;c0017;V010;17/12/2025;2025-12-23;entregue;12013.08;0.0;12013.08;"{""priority"": null, ""source"": ""Portal""}";2026-01-03 00:00:00
O00317;C0079;V021;2025/03/26;2025-04-05;entregue;9124.77;0.0;9124.77;"{""priority"": null, ""source"": ""ERP""}";2025-04-10 00:00:00
O00318;C0135;V020;2025-05-02;2025-05-08;entregue;6833.4;0.0;6833.4;"{""priority"": ""low"", ""source"": ""ERP""}";2025-05-04 00:00:00
O00319;C0049;V022;16/08/2025;25/08/2025;;471.53;0.0;471.53;"{""priority"": ""high"", ""source"": ""ERP""}";2025-08-19 00:00:00
O00320;C0118;V025;2026/02/25;2026-03-06;faturado;10183.09;0.0;10183.09;"{""priority"": ""high"", ""source"": ""ERP""}";2026-03-16 00:00:00
O00321;C0006;V037;14/02/2025;2025-02-20;entregue;7056.45;0.0;7056.45;"{""priority"": ""medium"", ""source"": ""ERP""}";2025-02-23 00:00:00
O00322;C0070;V010;2025-05-22;31/05/2025;faturado;4855.33;0.0;4855.33;"{""priority"": ""low"", ""source"": ""Portal""}";2025-06-08 00:00:00
O00323;C0070;V010;2025/09/21;23/09/2025;EM_SEPARACAO;3178.0;0.0;3178.0;"{""priority"": ""medium"", ""source"": ""ERP""}";2025-09-23 00:00:00
O00324;c0034;V002;09/06/2025;2025-06-19;faturado;13394,42;0.0;13394.42;"{""priority"": null, ""source"": ""ERP""}";2025-06-11 00:00:00
O00325;C0158;V023;07/08/2025;14/08/2025;;2766.85;1192.65;1574.2;"{""priority"": ""medium"", ""source"": ""Portal""}";2025-08-24 00:00:00
O00326;C0024;V030;2025-02-10;25/02/2025;entregue;11360.57;0.0;11360.57;"{""priority"": null, ""source"": ""APP""}";2025-02-17 00:00:00
O00327;C0101;V012;2025/04/25;28/04/2025;;12930.33;0.0;12930.33;"{""priority"": ""high"", ""source"": ""APP""}";2025-05-10 00:00:00
O00328;C0044;V019;16/01/2025;2025-01-18;EM_SEPARACAO;7182.48;703.53;6478.95;"{""priority"": ""low"", ""source"": ""APP""}";2025-01-19 00:00:00
O00329;C9999;V026;2025/06/16;25/06/2025;cancelado;9776.83;1585.07;8191.76;"{""priority"": ""medium"", ""source"": ""Portal""}";2025-06-21 00:00:00
O00330;C0112;V037;04/09/2025;2025-09-11;cancelado;1084.29;417.27;752.31;"{""priority"": ""low"", ""source"": ""Portal""}";2025-09-22 00:00:00
O00331;C0114;V012;07/09/2025;09/09/2025;faturado;8923.23;0.0;8923.23;"{""priority"": ""low"", ""source"": ""Portal""}";2025-09-26 00:00:00
O00332;C0024;V014;2026-01-30;2026-02-13;;5745.77;0.0;5745.77;"{""priority"": ""medium"", ""source"": ""Portal""}";2026-02-03 00:00:00
O00333;c0051;V014;2025/08/20;29/08/2025;entregue;4443.4;1231.53;3211.87;"{""priority"": ""high"", ""source"": ""APP""}";2025-08-31 00:00:00
O00334;C0033;V019;2025-02-15;25/02/2025;EM_SEPARACAO;220.98;1972.86;-1751.88;"{""priority"": ""low"", ""source"": ""ERP""}";2025-03-04 00:00:00
O00335;C0061;V028;2026/02/25;03/03/2026;Faturado;1734.5;0.0;1734.5;"{""priority"": ""high"", ""source"": ""Portal""}";2026-03-09 00:00:00
o00336;C0122;V009;2025-07-27;03/08/2025;;6584.33;0.0;6584.33;"{""priority"": ""high"", ""source"": ""APP""}";2025-07-31 00:00:00
O00337;C0166;V002;2025-05-28;11/06/2025;Faturado;10083.98;0.0;10083.98;"{""priority"": null, ""source"": ""ERP""}";2025-05-30 00:00:00
O00338;C0160;V012;12/03/2025;23/03/2025;EM_SEPARACAO;12108.53;1720.45;10388.08;"{""priority"": null, ""source"": ""APP""}";2025-03-23 00:00:00
O00339;C0061;V033;26/04/2025;29/04/2025;EM_SEPARACAO;6429.1;15.85;6413.25;"{""priority"": ""high"", ""source"": ""ERP""}";2025-04-27 00:00:00
O00340;C0177;V006;2025-10-18;26/10/2025;em separacao;10602.75;227.22;10375.53;"{""priority"": ""low"", ""source"": ""Portal""}";2025-11-06 00:00:00
O00341;C0176;V004;2025/02/15;19/02/2025;EM_SEPARACAO;7139.53;0.0;7139.53;"{""priority"": ""low"", ""source"": ""APP""}";2025-03-04 00:00:00
O00342;C0147;V022;03/02/2026;04/02/2026;;7086.15;1025.81;6060.34;"{""priority"": ""high"", ""source"": ""APP""}";2026-02-08 00:00:00
O00343;C0016;V004;19/01/2025;2025-01-31;EM_SEPARACAO;13850.68;0.0;13850.68;"{""priority"": ""low"", ""source"": ""Portal""}";2025-01-28 00:00:00
O00344;C0033;V033;2026-02-19;03/03/2026;entregue;9402.32;0.0;9402.32;"{""priority"": ""medium"", ""source"": ""Portal""}";2026-02-27 00:00:00
O00345;C0152;V010;2025/05/21;04/06/2025;entregue;3928.64;0.0;3928.64;"{""priority"": ""medium"", ""source"": ""APP""}";2025-05-28 00:00:00
O00346;C0022;V010;2025/09/06;2025-09-09;;12010.64;0.0;12010.64;"{""priority"": null, ""source"": ""APP""}";2025-09-18 00:00:00
O00347;C0148;V023;2025-05-02;13/05/2025;;6658.76;0.0;6658.76;"{""priority"": ""low"", ""source"": ""ERP""}";2025-05-07 00:00:00
O00348;C0098;V025;26/08/2025;02/09/2025;cancelado;7195.86;0.0;7195.86;"{""priority"": null, ""source"": ""ERP""}";2025-09-04 00:00:00
O00349;C0025;V035;2026/02/13;21/02/2026;;5791.86;0.0;5791.86;"{""priority"": null, ""source"": ""Portal""}";2026-03-05 00:00:00
O00350;C0168;V038;20/05/2025;26/05/2025;;4127.86;0.0;4127.86;"{""priority"": ""medium"", ""source"": ""Portal""}";2025-06-07 00:00:00
O00351;C0081;V036;2026-01-30;2026-02-03;;7847,29;0.0;7847.29;"{""priority"": ""low"", ""source"": ""ERP""}";2026-02-12 00:00:00
O00352;C0073;V017;2025-02-20;2025-03-01;faturado;1648.22;0.0;1648.22;"{""priority"": ""low"", ""source"": ""ERP""}";2025-03-11 00:00:00
O00353;C0025;V008;2025-12-03;2025-12-18;em separacao;12548.34;0.0;12548.34;"{""priority"": ""medium"", ""source"": ""ERP""}";2025-12-08 00:00:00
O00354;C0071;V028;2025/05/10;15/05/2025;entregue;7057.64;1872.43;5185.21;"{""priority"": ""medium"", ""source"": ""ERP""}";2025-05-18 00:00:00
O00355;C0067;V017;2026-02-02;03/02/2026;faturado;5803.71;0.0;5803.71;"{""priority"": null, ""source"": ""ERP""}";2026-02-21 00:00:00
O00356;C0056;V040;2025/07/21;2025-07-24;em separacao;9717.7;217.75;9499.95;"{""priority"": ""high"", ""source"": ""ERP""}";2025-07-22 00:00:00
o00357;C0005;V032;2025-02-07;2025-02-09;faturado;8613.03;501.94;8111.09;"{""priority"": null, ""source"": ""APP""}";2025-02-11 00:00:00
O00358;C0123;V028;25/12/2025;2025-12-31;EM_SEPARACAO;13578.8;1149.71;12429.09;"{""priority"": ""medium"", ""source"": ""ERP""}";2026-01-06 00:00:00
O00359;C0086;V020;19/12/2025;2026-01-02;Faturado;11719.47;0.0;11719.47;"{""priority"": ""low"", ""source"": ""APP""}";2026-01-05 00:00:00
O00360;C0166;V013;2025-06-24;2025-06-26;em separacao;12633.61;0.0;12633.61;"{""priority"": ""medium"", ""source"": ""APP""}";2025-07-06 00:00:00
O00361;C0049;V009;2025-02-24;2025-03-07;faturado;10363.75;973.52;9390.23;"{""priority"": ""medium"", ""source"": ""APP""}";2025-03-08 00:00:00
O00362;C0005;V003;02/02/2025;2025-02-15;entregue;8154.23;616.15;7538.08;"{""priority"": ""low"", ""source"": ""APP""}";2025-02-05 00:00:00
O00363;C0060;V005;2025-04-19;2025-05-02;em separacao;9842.36;0.0;9914.68;"{""priority"": ""low"", ""source"": ""APP""}";2025-05-08 00:00:00
O00364;C0162;V004;24/01/2025;2025-01-28;em separacao;10549.32;0.0;10549.32;"{""priority"": ""medium"", ""source"": ""Portal""}";2025-01-26 00:00:00
O00365;c0017;V013;23/02/2026;09/03/2026;;1684.33;0.0;1684.33;"{""priority"": null, ""source"": ""APP""}";2026-02-26 00:00:00
O00366;C0012;V038;2025-12-17;27/12/2025;faturado;8233.68;0.0;8233.68;"{""priority"": ""low"", ""source"": ""APP""}";2025-12-21 00:00:00
O00367;C0113;V016;2026/01/23;2026-01-30;cancelado;2603.96;0.0;2603.96;"{""priority"": ""low"", ""source"": ""Portal""}";2026-02-11 00:00:00
O00368;C0002;V001;2025-07-12;2025-07-25;Faturado;2450.53;0.0;2450.53;"{""priority"": ""high"", ""source"": ""APP""}";2025-07-27 00:00:00
O00369;C0106;V016;2025-12-21;2025-12-24;EM_SEPARACAO;3171.79;1280.01;1891.78;"{""priority"": ""medium"", ""source"": ""Portal""}";2026-01-05 00:00:00
O00370;C0108;V001;2025/11/10;2025-11-12;cancelado;9445.16;0.0;9445.16;"{""priority"": ""low"", ""source"": ""Portal""}";2025-11-13 00:00:00
O00371;c0119;V004;2025/11/13;2025-11-19;entregue;12954.69;0.0;12954.69;"{""priority"": ""low"", ""source"": ""ERP""}";2025-11-16 00:00:00
O00372;C0128;V012;2026-02-12;2026-02-15;faturado;10310.13;1937.18;8372.95;"{""priority"": ""high"", ""source"": ""APP""}";2026-02-18 00:00:00
O00373;C0012;V007;2025/08/11;2025-08-16;EM_SEPARACAO;5080.99;1610.5;3470.49;"{""priority"": ""medium"", ""source"": ""ERP""}";2025-08-11 00:00:00
O00374;C0152;V038;06/09/2025;15/09/2025;cancelado;1829.37;1790.26;39.11;"{""priority"": ""high"", ""source"": ""ERP""}";2025-09-09 00:00:00
O00375;C0097;V015;2025-06-16;20/06/2025;EM_SEPARACAO;1561.16;0.0;1561.16;"{""priority"": null, ""source"": ""ERP""}";2025-06-29 00:00:00
O00376;C9999;V024;2025-03-16;20/03/2025;Faturado;13925.52;910.53;13014.99;"{""priority"": ""medium"", ""source"": ""Portal""}";2025-03-27 00:00:00
O00377;C0072;V009;2025-05-19;23/05/2025;em separacao;5104.78;0.0;5104.78;"{""priority"": null, ""source"": ""ERP""}";2025-05-29 00:00:00
o00378;C0148;V036;2025-04-23;2025-05-08;em separacao;4497,91;0.0;4497.91;"{""priority"": null, ""source"": ""ERP""}";2025-05-11 00:00:00
O00379;C0064;V016;31/08/2025;14/09/2025;EM_SEPARACAO;6995.17;29.99;6965.18;"{""priority"": ""medium"", ""source"": ""Portal""}";2025-09-04 00:00:00
O00380;C0121;V033;2025-10-21;05/11/2025;EM_SEPARACAO;175.66;0.0;175.66;"{""priority"": null, ""source"": ""APP""}";2025-10-24 00:00:00
O00381;C0178;V027;2025-08-20;2025-08-28;entregue;3683.62;0.0;3683.62;"{""priority"": ""high"", ""source"": ""ERP""}";2025-09-09 00:00:00
O00382;C0147;V038;2025-02-16;17/02/2025;em separacao;7248.77;610.37;6638.4;"{""priority"": ""medium"", ""source"": ""Portal""}";2025-02-28 00:00:00
O00383;C0161;V005;05/04/2025;18/04/2025;EM_SEPARACAO;13086.12;0.0;13086.12;"{""priority"": ""low"", ""source"": ""APP""}";2025-04-18 00:00:00
O00384;C0176;V006;2026/01/21;26/01/2026;Faturado;10501.02;0.0;10501.02;"{""priority"": ""low"", ""source"": ""Portal""}";2026-02-01 00:00:00
O00385;C0094;V024;2025-01-27;2025-01-29;EM_SEPARACAO;5806.03;0.0;5806.03;"{""priority"": ""medium"", ""source"": ""ERP""}";2025-02-06 00:00:00
O00386;C0058;V021;03/05/2025;12/05/2025;EM_SEPARACAO;1792.01;0.0;1792.01;"{""priority"": null, ""source"": ""APP""}";2025-05-04 00:00:00
O00387;C0121;V035;2025/02/02;08/02/2025;em separacao;5243.88;0.0;5243.88;"{""priority"": ""high"", ""source"": ""Portal""}";2025-02-04 00:00:00
O00388;C0046;V019;2025-04-07;2025-04-22;cancelado;13271.29;175.53;13095.76;"{""priority"": ""high"", ""source"": ""ERP""}";2025-04-11 00:00:00
O00389;C0076;V027;2025/09/12;2025-09-15;em separacao;13137.4;0.0;13137.4;"{""priority"": ""high"", ""source"": ""APP""}";2025-09-26 00:00:00
O00390;C0060;V034;2026/01/13;24/01/2026;em separacao;420.09;0.0;420.09;"{""priority"": ""high"", ""source"": ""Portal""}";2026-02-02 00:00:00
O00391;C0118;V020;2026/02/07;2026-02-13;;7343.61;1332.04;6011.57;"{""priority"": ""high"", ""source"": ""ERP""}";2026-02-15 00:00:00
O00392;C0038;V023;27/04/2025;05/05/2025;cancelado;5641.34;0.0;5641.34;"{""priority"": ""medium"", ""source"": ""Portal""}";2025-05-14 00:00:00
O00393;C0042;V016;2025-05-27;2025-05-30;entregue;14600.77;0.0;14600.77;"{""priority"": ""medium"", ""source"": ""APP""}";2025-06-04 00:00:00
O00394;C0089;V010;09/07/2025;12/07/2025;EM_SEPARACAO;3156.81;0.0;3156.81;"{""priority"": ""medium"", ""source"": ""Portal""}";2025-07-18 00:00:00
O00395;C0118;V021;2025-03-04;2025-03-19;Faturado;471.39;0.0;471.39;"{""priority"": ""high"", ""source"": ""Portal""}";2025-03-13 00:00:00
O00396;C0114;V022;2025/08/31;2025-09-15;Faturado;4418.43;0.0;4508.3;"{""priority"": null, ""source"": ""ERP""}";2025-09-04 00:00:00
O00397;C0115;V023;2025-12-14;23/12/2025;faturado;1841.45;0.0;1841.45;"{""priority"": ""medium"", ""source"": ""Portal""}";2025-12-30 00:00:00
O00398;C0022;V035;24/04/2025;2025-05-07;EM_SEPARACAO;14041.41;0.0;14041.41;"{""priority"": null, ""source"": ""ERP""}";2025-05-09 00:00:00
o00399;c0102;V010;2025/06/12;22/06/2025;entregue;9115.66;0.0;9115.66;"{""priority"": null, ""source"": ""APP""}";2025-06-12 00:00:00
O00400;C0056;V029;2025/05/26;01/06/2025;;5335.19;0.0;5335.19;"{""priority"": null, ""source"": ""APP""}";2025-05-31 00:00:00
O00011;C0134;V029;2025-09-16;2025-09-20;cancelado;8633.25;0.0;8633.25;"{""priority"": null, ""source"": ""ERP""}";2026-01-03 10:00:00
O00081;c0102;V033;28/10/2025;30/10/2025;em separacao;N/A;0.0;305.52;"{""priority"": null, ""source"": ""ERP""}";2025-11-17 00:00:00
O00121;C0024;V008;2025-13-40;06/03/2025;cancelado;11794.66;0.0;11794.66;"{""priority"": ""high"", ""source"": ""APP""}";2025-03-12 00:00:00
